"hash","ext","bytes","sourceFile"
"0266ddcdcc","jpg","64004","projects.html"
"0be66903ae","jpg","252242","projects.html"
"16ebf845ed","jpg","58361","projects.html"
"2d038974f7","jpg","206318","projects.html"
"31f6333747","png","1234771","index.html"
"3819dabf09","jpg","76255","projects.html"
"3a8075d780","png","308414","projects.html"
"47d99a911a","png","357649","projects.html"
"578c846364","jpg","299032","projects.html"
"680b84a849","png","94304","projects.html"
"7653f1676f","jpg","56657","projects.html"
"93b2c1ee59","jpg","24027","index.html"
"9a479eeccd","jpg","66800","projects.html"
"a694306158","png","221162","projects.html"
"a9057c80c0","png","131829","projects.html"
"ac781a1ccc","jpg","93208","projects.html"
"c83887d9b8","jpg","302575","projects.html"
"c8760004b0","png","187168","projects.html"
"cd9a6af91d","jpg","192042","index.html"
"d12366f589","png","356395","projects.html"
"d2ff7e7aea","jpg","150522","index.html"
"d942b1591c","jpg","372209","projects.html"
"e635eb90ca","jpg","148616","index.html"
"e86651efef","jpg","13000","projects.html"
"faad4d268f","jpg","408243","index.html"
